Designator,Mid X,Mid Y,Layer,Rotation
C1,158.229000mm,-106.426000mm,Top,180
C2,158.229000mm,-111.252000mm,Top,180
D1,180.086000mm,-108.712000mm,Top,0
SW2,169.672000mm,-117.856000mm,Top,0
D2,175.539500mm,-105.664000mm,Top,0
R1,159.512000mm,-114.808000mm,Top,0
R2,159.408500mm,-118.110000mm,Top,0
D3,175.488500mm,-111.760000mm,Top,0
D4,175.488500mm,-108.712000mm,Top,0
U1,145.796000mm,-109.728000mm,Top,0
U2,165.710000mm,-107.950000mm,Top,180
